id,first_name,last_name,email,gender,ip_address
1,Simona,Leeburn,sleeburn0@blinklist.com,Female,111.113.33.5
2,Reinhard,Hedgeman,rhedgeman1@nifty.com,Male,39.48.243.86
3,Myra,Lilburne,mlilburne2@home.pl,Female,16.62.241.168
4,Savina,Klossmann,sklossmann3@yellowpages.com,Female,35.11.127.106
5,Adan,Hammarberg,ahammarberg4@bandcamp.com,Female,240.26.86.133
6,Winny,Haggart,whaggart5@mediafire.com,Male,185.41.120.118
7,Neddie,Stovell,nstovell6@taobao.com,Male,34.244.205.234
8,Silvanus,Giles,sgiles7@ibm.com,Male,184.10.2.48
9,Shem,Dable,sdable8@feedburner.com,Male,250.190.119.255
10,Charla,Buxcy,cbuxcy9@paginegialle.it,Female,215.255.251.175
11,Zandra,Burne,zburnea@google.de,Female,132.16.219.3
12,Dan,Aubry,daubryb@columbia.edu,Male,37.125.242.184
13,Sydelle,Cerman,scermanc@bigcartel.com,Female,51.203.0.66
14,Constantine,Weekly,cweeklyd@discovery.com,Male,58.93.183.1
15,Graham,Soutar,gsoutare@un.org,Male,161.122.159.113
16,Carney,Marle,cmarlef@ucoz.ru,Male,77.41.42.60
17,Elli,VanBrugh,evanbrughg@uol.com.br,Female,113.189.30.136
18,Chip,Kytley,ckytleyh@godaddy.com,Male,183.40.28.100
19,Rutledge,Royste,rroystei@statcounter.com,Male,216.197.178.165
20,Libbey,Carlone,lcarlonej@zdnet.com,Female,205.96.20.146
21,Jodi,Glancey,jglanceyk@ucoz.com,Non-binary,210.6.25.107
22,Sam,Gehrtz,sgehrtzl@alibaba.com,Male,180.125.194.225
23,Gib,Petersen,gpetersenm@state.tx.us,Male,154.123.196.88
24,Teodor,Roakes,troakesn@reference.com,Male,80.85.86.115
25,Concettina,Rainer,crainero@w3.org,Female,253.146.250.47
26,Palmer,Downey,pdowneyp@google.com.au,Male,237.206.25.53
27,Leola,Maundrell,lmaundrellq@technorati.com,Female,249.130.131.217
28,Chic,Hutson,chutsonr@hexun.com,Male,109.193.210.191
29,Daisi,Roglieri,droglieris@scientificamerican.com,Female,140.208.94.201
30,Deina,Minchindon,dminchindont@gizmodo.com,Female,96.169.140.246
31,Arlee,Biddulph,abiddulphu@ycombinator.com,Female,251.185.121.124
32,Peta,Dwire,pdwirev@hostgator.com,Female,58.35.226.139
33,Barrie,Garnson,bgarnsonw@independent.co.uk,Male,232.101.135.213
34,Louisette,Stigell,lstigellx@dropbox.com,Polygender,162.182.122.8
35,Barnett,Groundwater,bgroundwatery@artisteer.com,Male,22.50.129.245
36,Nikolai,Sambrok,nsambrokz@craigslist.org,Male,57.33.169.24
37,Noble,Mattisson,nmattisson10@statcounter.com,Male,192.8.18.235
38,Rochette,Waeland,rwaeland11@about.me,Female,11.17.192.50
39,Travis,Quadling,tquadling12@ucoz.com,Male,179.173.66.210
40,Tedda,Abbotts,tabbotts13@xing.com,Female,181.117.72.118
41,Reginauld,Padley,rpadley14@upenn.edu,Male,39.15.194.9
42,Dionysus,Stuer,dstuer15@deliciousdays.com,Male,21.205.11.97
43,Jesselyn,Josefs,jjosefs16@uol.com.br,Female,109.1.143.156
44,Emilia,Surmeyer,esurmeyer17@independent.co.uk,Female,94.58.99.237
45,Lucilia,Domoney,ldomoney18@va.gov,Female,97.132.5.62
46,Joaquin,Folli,jfolli19@freewebs.com,Male,70.189.93.124
47,Kipp,Hanratty,khanratty1a@wikia.com,Female,215.117.43.172
48,Maridel,Tsar,mtsar1b@livejournal.com,Female,114.248.223.96
49,Dene,Solman,dsolman1c@constantcontact.com,Male,47.229.239.175
50,Aron,Gubbins,agubbins1d@theguardian.com,Male,83.169.239.78
51,Stephanus,Menear,smenear1e@wikispaces.com,Male,48.251.11.38
52,Inness,Burchmore,iburchmore1f@prnewswire.com,Male,29.180.5.69
53,Antone,McGahey,amcgahey1g@businessinsider.com,Male,126.214.50.210
54,Edeline,Upson,eupson1h@wikipedia.org,Non-binary,20.219.227.79
55,Gweneth,Ockwell,gockwell1i@barnesandnoble.com,Female,30.177.89.120
56,Ignatius,Demanche,idemanche1j@sbwire.com,Male,166.249.19.155
57,Drusilla,Di Meo,ddimeo1k@imageshack.us,Female,11.177.133.69
58,Marion,Rawnsley,mrawnsley1l@shutterfly.com,Female,109.108.99.86
59,Selia,Larose,slarose1m@people.com.cn,Female,150.232.189.132
60,Rasla,Frangione,rfrangione1n@slideshare.net,Female,99.182.222.62
61,Cora,Beckles,cbeckles1o@biblegateway.com,Female,97.51.64.111
62,Emalee,Burtonwood,eburtonwood1p@youtube.com,Genderfluid,87.14.59.142
63,Lenee,Tagg,ltagg1q@feedburner.com,Female,201.200.161.240
64,Ilario,Denerley,idenerley1r@mashable.com,Male,100.217.189.121
65,Maxwell,Haxbie,mhaxbie1s@hexun.com,Male,153.227.230.39
66,Zollie,Willshee,zwillshee1t@gravatar.com,Male,99.218.93.238
67,Cissy,O'Leary,coleary1u@cbc.ca,Female,41.174.75.41
68,Dorene,Cahillane,dcahillane1v@berkeley.edu,Female,116.64.104.179
69,Korrie,Tyreman,ktyreman1w@example.com,Female,33.62.150.23
70,Alie,Goslin,agoslin1x@360.cn,Female,86.138.62.71
71,Rianon,Bruck,rbruck1y@npr.org,Female,185.6.211.183
72,Buddie,Noddle,bnoddle1z@cnn.com,Male,22.59.243.210
73,Seth,Favell,sfavell20@g.co,Male,203.132.79.255
74,Carolan,Dales,cdales21@sphinn.com,Female,101.14.101.221
75,Gard,Amesbury,gamesbury22@123-reg.co.uk,Male,169.165.186.147
76,Blair,Heggman,bheggman23@sourceforge.net,Male,25.233.225.197
77,Trumann,Bealing,tbealing24@disqus.com,Male,68.165.78.89
78,Mil,Lamborne,mlamborne25@goo.gl,Female,189.16.172.95
79,Evy,Klimsch,eklimsch26@e-recht24.de,Female,222.144.229.247
80,Neilla,Goodlatt,ngoodlatt27@histats.com,Female,242.87.185.231
81,Mabel,Cometson,mcometson28@jiathis.com,Female,14.74.185.157
82,Dawna,Hugues,dhugues29@desdev.cn,Female,31.205.155.112
83,Heidie,Jervoise,hjervoise2a@hostgator.com,Female,239.158.233.254
84,Kalie,Biss,kbiss2b@youku.com,Female,188.43.76.71
85,Isidore,Ralton,iralton2c@typepad.com,Male,54.87.44.29
86,Geri,Dutnell,gdutnell2d@godaddy.com,Male,92.55.167.146
87,Hubey,Dunsmore,hdunsmore2e@plala.or.jp,Male,125.218.207.174
88,Mira,Damiata,mdamiata2f@upenn.edu,Female,239.24.209.80
89,Domeniga,Preto,dpreto2g@ibm.com,Female,11.63.254.29
90,Sloan,De Bruijne,sdebruijne2h@fotki.com,Male,82.199.11.195
91,Moina,Ankers,mankers2i@tuttocitta.it,Female,39.56.237.54
92,Jacklin,Sorey,jsorey2j@sakura.ne.jp,Female,20.53.251.13
93,Kacie,Essel,kessel2k@msu.edu,Female,176.231.114.110
94,Barnebas,Camidge,bcamidge2l@pinterest.com,Male,131.79.86.99
95,Dennie,Sharram,dsharram2m@topsy.com,Male,217.71.85.91
96,Berna,Lockett,blockett2n@umich.edu,Female,15.173.74.83
97,Lannie,Rushbury,lrushbury2o@etsy.com,Male,218.211.203.240
98,Waneta,Flasby,wflasby2p@guardian.co.uk,Female,219.253.110.201
99,Marney,McGilmartin,mmcgilmartin2q@github.com,Female,151.165.184.132
100,Peggi,Austen,pausten2r@hc360.com,Female,253.51.245.174
101,Klara,Turrell,kturrell2s@netlog.com,Female,239.199.184.26
102,Turner,Marflitt,tmarflitt2t@usnews.com,Male,156.249.6.215
103,Neall,Power,npower2u@mediafire.com,Male,70.92.136.46
104,Carlie,Blenkin,cblenkin2v@cocolog-nifty.com,Male,219.126.179.177
105,Allys,Mitroshinov,amitroshinov2w@shinystat.com,Female,231.145.27.248
106,Wiatt,Stanfield,wstanfield2x@unicef.org,Male,182.185.29.55
107,Norby,Farndon,nfarndon2y@yellowbook.com,Male,42.107.242.122
108,Christel,Swadlen,cswadlen2z@businessweek.com,Female,142.32.189.103
109,Donall,Beszant,dbeszant30@tiny.cc,Male,194.126.128.126
110,Leighton,Piatkowski,lpiatkowski31@tinypic.com,Male,136.8.80.27
111,Georgena,Lynde,glynde32@netlog.com,Female,191.146.140.149
112,Lucky,Grzeskowski,lgrzeskowski33@seattletimes.com,Female,60.216.186.186
113,Adolph,Purcell,apurcell34@deviantart.com,Male,104.126.58.89
114,Lewie,Wimp,lwimp35@salon.com,Male,51.36.70.251
115,Osbourne,Quipp,oquipp36@bloomberg.com,Bigender,183.209.223.117
116,Shandeigh,Kulas,skulas37@geocities.com,Female,191.142.111.225
117,Buddy,Saing,bsaing38@adobe.com,Male,149.44.105.240
118,Sanders,Aleksankov,saleksankov39@europa.eu,Male,197.9.123.24
119,Sly,Halladey,shalladey3a@tripod.com,Male,7.143.64.241
120,Lory,Baptista,lbaptista3b@fotki.com,Female,254.134.253.76
121,Virge,Ferneyhough,vferneyhough3c@ovh.net,Male,154.221.98.244
122,Loren,Drawmer,ldrawmer3d@geocities.com,Male,82.133.128.233
123,Almeria,Maxsted,amaxsted3e@huffingtonpost.com,Female,35.70.107.106
124,Gwendolin,Scraney,gscraney3f@de.vu,Female,216.78.48.147
125,Tymon,Glasman,tglasman3g@theatlantic.com,Male,126.215.81.29
126,Kirby,Mochar,kmochar3h@rambler.ru,Male,143.114.19.119
127,Karena,Ribbens,kribbens3i@naver.com,Female,56.80.255.147
128,Geoff,Bleaden,gbleaden3j@adobe.com,Male,182.61.241.75
129,Britteny,Van Bruggen,bvanbruggen3k@epa.gov,Female,79.64.255.201
130,Lanni,Hing,lhing3l@icio.us,Female,229.10.70.18
131,Prissie,Ruddle,pruddle3m@ibm.com,Female,55.241.144.28
132,Dane,Halgarth,dhalgarth3n@hhs.gov,Agender,111.211.5.113
133,Maximilien,Saint,msaint3o@skyrock.com,Male,89.139.224.31
134,Domingo,Aslet,daslet3p@ucoz.ru,Male,227.8.211.118
135,Byron,Ivanets,bivanets3q@umich.edu,Male,228.112.231.227
136,Madelon,Lomax,mlomax3r@tripod.com,Female,61.157.24.242
137,Jodee,Hainge,jhainge3s@adobe.com,Female,25.84.89.137
138,Candace,Shovel,cshovel3t@nasa.gov,Female,158.223.159.46
139,Rudd,Price,rprice3u@digg.com,Male,188.248.58.69
140,Cordey,Courvert,ccourvert3v@bbb.org,Female,127.111.14.217
141,Coraline,Olwen,colwen3w@etsy.com,Female,221.1.45.155
142,Kayla,Smart,ksmart3x@wisc.edu,Female,172.40.188.247
143,Mitchael,Gregorin,mgregorin3y@plala.or.jp,Male,234.214.99.106
144,George,Prebble,gprebble3z@ox.ac.uk,Male,70.20.1.118
145,Barnard,Ryhorovich,bryhorovich40@msn.com,Male,38.102.247.135
146,Isa,O'Moylan,iomoylan41@theguardian.com,Male,89.41.175.203
147,Betta,Rape,brape42@comsenz.com,Female,14.241.135.107
148,Roderich,Dutnall,rdutnall43@google.ru,Male,184.65.81.181
149,Janina,Inggall,jinggall44@ezinearticles.com,Female,91.10.215.124
150,Pepi,Yukhnini,pyukhnini45@engadget.com,Female,72.14.49.176
151,Rochell,Cawtheray,rcawtheray46@reddit.com,Female,132.31.245.161
152,Bessie,Dand,bdand47@hubpages.com,Female,235.69.133.232
153,Beret,Wilstead,bwilstead48@zdnet.com,Female,93.10.150.148
154,Wilhelmine,Glabach,wglabach49@who.int,Female,174.211.41.86
155,Adora,Rowly,arowly4a@devhub.com,Female,117.20.247.249
156,Orin,Lucks,olucks4b@infoseek.co.jp,Male,147.78.31.188
157,Tiphani,Toler,ttoler4c@fastcompany.com,Female,193.132.240.87
158,Jackqueline,Kerrey,jkerrey4d@barnesandnoble.com,Genderqueer,249.170.40.255
159,Paten,Grahlman,pgrahlman4e@nbcnews.com,Male,191.72.245.250
160,Gris,Corrado,gcorrado4f@indiatimes.com,Male,150.179.253.5
161,Ethel,Burnham,eburnham4g@nsw.gov.au,Non-binary,211.88.39.15
162,Darla,Painswick,dpainswick4h@paginegialle.it,Female,173.137.103.156
163,Jule,Bottelstone,jbottelstone4i@vkontakte.ru,Male,98.243.234.227
164,Keene,Frigot,kfrigot4j@thetimes.co.uk,Male,17.190.52.33
165,Bank,Harman,bharman4k@cbslocal.com,Male,2.204.156.148
166,Mora,Monson,mmonson4l@ehow.com,Female,196.131.131.185
167,Panchito,Jumont,pjumont4m@nifty.com,Male,139.208.30.11
168,Evaleen,Henriquet,ehenriquet4n@businessinsider.com,Female,25.107.69.113
169,Gelya,Becerro,gbecerro4o@prlog.org,Female,19.79.100.241
170,Val,Royl,vroyl4p@mail.ru,Male,168.9.79.20
171,Solly,Worshall,sworshall4q@i2i.jp,Male,157.228.60.57
172,Krishnah,Trippitt,ktrippitt4r@dropbox.com,Male,4.22.221.57
173,Dennison,Balham,dbalham4s@pagesperso-orange.fr,Non-binary,247.161.64.183
174,Kora,Antcliffe,kantcliffe4t@toplist.cz,Female,177.254.208.46
175,Garrard,Acreman,gacreman4u@ucla.edu,Male,167.183.105.214
176,Vale,Dymick,vdymick4v@youtu.be,Female,133.198.126.138
177,Tanney,Shackleton,tshackleton4w@lycos.com,Male,244.191.22.238
178,Carine,Penreth,cpenreth4x@marketwatch.com,Female,140.222.215.103
179,Zsa zsa,Tregona,ztregona4y@mac.com,Female,103.128.177.125
180,Kristoforo,Sandlin,ksandlin4z@aboutads.info,Male,185.90.195.107
181,Henryetta,Gravener,hgravener50@biglobe.ne.jp,Female,73.134.193.65
182,Glenn,Whenham,gwhenham51@usda.gov,Genderfluid,21.216.107.106
183,Trueman,Straw,tstraw52@hibu.com,Male,219.176.37.7
184,Thaddus,Masters,tmasters53@deliciousdays.com,Male,165.111.198.223
185,Kendell,Frazer,kfrazer54@paginegialle.it,Polygender,123.26.4.241
186,Gratiana,Berceros,gberceros55@dailymotion.com,Female,254.85.0.14
187,Abram,Wragg,awragg56@mlb.com,Male,214.72.13.59
188,Ingrim,Troughton,itroughton57@auda.org.au,Male,254.241.134.185
189,Eliza,Topes,etopes58@desdev.cn,Female,153.69.141.4
190,Glen,Quare,gquare59@omniture.com,Female,226.12.108.245
191,Eugine,Cromett,ecromett5a@usatoday.com,Female,18.216.9.116
192,Willie,Crossley,wcrossley5b@etsy.com,Male,54.213.120.229
193,Andrei,Betho,abetho5c@t.co,Female,24.6.210.207
194,Mallorie,Yegorchenkov,myegorchenkov5d@godaddy.com,Female,41.138.93.136
195,Ingelbert,Pail,ipail5e@behance.net,Male,102.47.228.162
196,Stern,Ozintsev,sozintsev5f@tuttocitta.it,Male,207.122.162.114
197,Blair,Fowden,bfowden5g@sina.com.cn,Male,232.230.245.82
198,Barnie,Mourbey,bmourbey5h@lycos.com,Male,240.45.82.96
199,Amelita,Andrzejowski,aandrzejowski5i@jalbum.net,Female,160.236.219.133
200,Albie,Beacock,abeacock5j@google.co.uk,Male,88.189.99.123
201,Sebastien,Fabb,sfabb5k@samsung.com,Male,66.68.63.143
202,Camila,Izchaki,cizchaki5l@umn.edu,Non-binary,253.208.207.86
203,Donal,Wallbrook,dwallbrook5m@about.me,Male,207.90.30.119
204,Davidson,Reide,dreide5n@symantec.com,Male,88.81.15.143
205,Holli,Joddens,hjoddens5o@istockphoto.com,Female,167.208.128.50
206,Ella,Dyball,edyball5p@ehow.com,Genderfluid,210.192.93.186
207,Marlee,Horder,mhorder5q@ed.gov,Female,211.153.117.151
208,Hillyer,Rantoull,hrantoull5r@surveymonkey.com,Male,60.117.135.182
209,Lula,Tugwell,ltugwell5s@qq.com,Female,137.7.197.238
210,Lotty,Gowland,lgowland5t@hp.com,Female,157.82.220.232
211,Mord,Jotham,mjotham5u@digg.com,Male,229.78.205.189
212,Darcey,Teager,dteager5v@ed.gov,Agender,205.42.94.5
213,Adrea,Gredden,agredden5w@smugmug.com,Female,72.52.178.19
214,Nanny,Skouling,nskouling5x@kickstarter.com,Female,215.200.67.198
215,Sheppard,Widdup,swiddup5y@yahoo.co.jp,Male,255.172.74.7
216,Jeth,Trapp,jtrapp5z@digg.com,Male,232.68.55.222
217,Ashlan,Werendell,awerendell60@reuters.com,Agender,237.253.66.75
218,Clio,Rentoll,crentoll61@berkeley.edu,Female,20.118.40.10
219,Rois,Houselee,rhouselee62@yolasite.com,Female,60.180.98.214
220,Nana,Tindall,ntindall63@nsw.gov.au,Female,206.108.37.60
221,Addison,Osan,aosan64@un.org,Male,157.58.167.87
222,Molli,Benham,mbenham65@ocn.ne.jp,Female,26.57.244.119
223,Boote,Coopper,bcoopper66@samsung.com,Male,178.169.233.235
224,Aksel,Tombleson,atombleson67@ed.gov,Male,15.143.224.86
225,Arch,Cellone,acellone68@sciencedirect.com,Genderfluid,5.235.220.205
226,Eudora,Lantuffe,elantuffe69@nydailynews.com,Female,81.163.129.225
227,Avril,Jerratsch,ajerratsch6a@reddit.com,Female,253.8.182.41
228,Gusella,Prince,gprince6b@ovh.net,Female,140.64.88.22
229,Kelsey,Ellin,kellin6c@virginia.edu,Male,45.159.172.167
230,Gabriele,Cribbin,gcribbin6d@theguardian.com,Male,24.148.16.126
231,Roselin,Joddins,rjoddins6e@youtu.be,Female,118.145.128.170
232,Gillian,Reavell,greavell6f@nhs.uk,Bigender,65.97.93.221
233,Gladi,Glencross,gglencross6g@infoseek.co.jp,Female,202.59.218.247
234,Shawn,Colbran,scolbran6h@admin.ch,Female,171.32.51.101
235,Barrett,Limpertz,blimpertz6i@purevolume.com,Male,69.154.144.31
236,Cherry,Clitheroe,cclitheroe6j@sciencedaily.com,Female,142.42.111.1
237,Cody,Jeannenet,cjeannenet6k@biglobe.ne.jp,Male,138.50.75.73
238,Calli,MacCaughen,cmaccaughen6l@japanpost.jp,Genderfluid,2.27.42.131
239,Nariko,Lademann,nlademann6m@merriam-webster.com,Female,239.159.46.191
240,Seline,Antonelli,santonelli6n@parallels.com,Female,138.112.233.188
241,Vasilis,Grimmett,vgrimmett6o@dailymotion.com,Male,81.127.54.76
242,Tyrus,Gradly,tgradly6p@networksolutions.com,Male,132.182.35.180
243,Tony,Woodbridge,twoodbridge6q@example.com,Female,125.40.121.238
244,Mariejeanne,Hercock,mhercock6r@google.es,Female,174.99.32.92
245,Norine,Porter,nporter6s@chicagotribune.com,Female,250.114.106.88
246,Maria,Poznanski,mpoznanski6t@simplemachines.org,Female,158.11.7.235
247,Sullivan,Rosoman,srosoman6u@booking.com,Male,63.71.76.10
248,Kristine,Castelli,kcastelli6v@sciencedaily.com,Female,143.218.221.177
249,Steffie,Derdes,sderdes6w@epa.gov,Female,218.33.161.213
250,Costanza,Paragreen,cparagreen6x@hhs.gov,Female,27.182.234.107
251,Johny,McGirl,jmcgirl6y@dion.ne.jp,Male,41.241.169.45
252,Tuck,Tolson,ttolson6z@howstuffworks.com,Male,58.238.184.196
253,Kevin,Munnery,kmunnery70@amazon.de,Male,17.243.32.84
254,Gusty,Landsman,glandsman71@tripadvisor.com,Female,245.45.134.187
255,Clary,Espinosa,cespinosa72@comsenz.com,Female,204.113.198.46
256,Dall,Huxster,dhuxster73@domainmarket.com,Male,91.70.38.238
257,Mahmoud,Martensen,mmartensen74@devhub.com,Male,14.33.157.16
258,Blair,Ellsom,bellsom75@multiply.com,Male,238.90.79.75
259,Aldis,Rimell,arimell76@indiegogo.com,Male,77.192.147.102
260,Claus,Cornelleau,ccornelleau77@behance.net,Agender,49.96.115.107
261,Celestine,Tibbits,ctibbits78@discuz.net,Female,113.58.63.150
262,Omero,Phelips,ophelips79@nature.com,Male,3.119.177.194
263,Donavon,Torrance,dtorrance7a@elpais.com,Male,227.26.203.117
264,Kerrill,Steketee,ksteketee7b@arstechnica.com,Female,142.156.118.118
265,Helene,Kehri,hkehri7c@ycombinator.com,Female,114.70.92.248
266,Whitney,Cabrera,wcabrera7d@surveymonkey.com,Male,94.220.202.207
267,Alexandro,Gurnett,agurnett7e@paypal.com,Male,233.68.170.74
268,Vasily,Rehor,vrehor7f@pbs.org,Male,236.200.38.237
269,Luther,Taberer,ltaberer7g@wordpress.com,Male,94.116.44.54
270,Jody,Douglas,jdouglas7h@shareasale.com,Male,136.48.119.27
271,Creigh,O'Quin,coquin7i@usgs.gov,Male,239.61.30.96
272,Clemmy,Lofthouse,clofthouse7j@creativecommons.org,Male,163.190.195.169
273,Haydon,Adcocks,hadcocks7k@feedburner.com,Male,224.131.75.180
274,Jimmie,Aslin,jaslin7l@chron.com,Male,136.218.43.199
275,Mitzi,Scudamore,mscudamore7m@nature.com,Non-binary,219.137.207.140
276,Tiena,Gonnet,tgonnet7n@wikipedia.org,Female,168.60.249.137
277,Aigneis,Allardyce,aallardyce7o@google.fr,Female,128.98.143.186
278,Tony,Coatts,tcoatts7p@usgs.gov,Male,210.59.178.115
279,Schuyler,Danilevich,sdanilevich7q@home.pl,Male,74.234.56.81
280,Eberhard,Chiese,echiese7r@imageshack.us,Male,47.149.29.144
281,Phylis,Oseman,poseman7s@foxnews.com,Female,103.183.207.30
282,Lydon,Menault,lmenault7t@wordpress.org,Bigender,37.82.130.23
283,Flemming,Zywicki,fzywicki7u@google.com.au,Male,177.177.189.70
284,Towney,Denham,tdenham7v@census.gov,Male,234.142.114.235
285,Catha,Casina,ccasina7w@mapquest.com,Female,123.116.19.96
286,Larry,Fauguel,lfauguel7x@dedecms.com,Male,212.52.43.10
287,Maurita,Lohde,mlohde7y@google.co.uk,Female,139.239.138.69
288,Marlee,Dowgill,mdowgill7z@virginia.edu,Female,132.148.246.53
289,Jozef,Devlin,jdevlin80@google.co.uk,Male,129.175.16.162
290,Tallulah,Vsanelli,tvsanelli81@blogger.com,Female,12.73.11.127
291,Brewster,Edmonson,bedmonson82@last.fm,Male,47.249.121.253
292,Bob,Alekseicik,balekseicik83@hhs.gov,Male,237.182.45.229
293,Fonzie,Heffy,fheffy84@purevolume.com,Male,188.26.117.220
294,Rustie,Coleborn,rcoleborn85@bbc.co.uk,Polygender,79.141.211.252
295,Mabelle,Bunt,mbunt86@yolasite.com,Bigender,28.245.89.173
296,Esther,Postin,epostin87@arizona.edu,Female,174.105.2.132
297,Bobina,Abriani,babriani88@histats.com,Female,0.101.162.95
298,Raoul,Gallymore,rgallymore89@nifty.com,Male,244.163.181.223
299,Caresse,Burnage,cburnage8a@about.com,Female,50.28.135.179
300,Darlene,Pawelski,dpawelski8b@bbc.co.uk,Female,81.122.47.133
301,Salaidh,Loverock,sloverock8c@alibaba.com,Female,175.90.38.204
302,Katinka,Bliven,kbliven8d@chicagotribune.com,Female,59.207.243.23
303,Armando,Brou,abrou8e@free.fr,Male,166.33.179.76
304,Joscelin,Mc Ilory,jmcilory8f@whitehouse.gov,Female,141.113.102.68
305,Meyer,Divers,mdivers8g@umich.edu,Male,93.38.30.209
306,Hilde,Jepson,hjepson8h@wikipedia.org,Female,234.55.114.230
307,Braden,MacNish,bmacnish8i@diigo.com,Male,115.196.77.150
308,Jacquelyn,Sibly,jsibly8j@telegraph.co.uk,Female,86.109.138.103
309,Neilla,Redfield,nredfield8k@digg.com,Female,21.75.136.158
310,Catherina,Rivaland,crivaland8l@amazonaws.com,Female,236.191.251.200
311,Algernon,Bachura,abachura8m@domainmarket.com,Male,35.152.135.117
312,Chrisse,Noen,cnoen8n@prweb.com,Male,211.35.67.10
313,Walsh,Pavlishchev,wpavlishchev8o@ted.com,Male,141.62.135.8
314,Bethina,Dot,bdot8p@techcrunch.com,Female,153.10.208.37
315,Derron,Seeman,dseeman8q@loc.gov,Male,202.50.37.191
316,Walliw,Cowern,wcowern8r@homestead.com,Female,228.220.34.62
317,Jillayne,Cannell,jcannell8s@vkontakte.ru,Female,173.84.255.138
318,Hersh,Durgan,hdurgan8t@imageshack.us,Male,43.241.38.24
319,Vilhelmina,Lindeman,vlindeman8u@yellowpages.com,Female,55.49.8.208
320,Berky,Jean,bjean8v@usda.gov,Male,32.142.162.197
321,Cathi,Allworthy,callworthy8w@howstuffworks.com,Female,189.44.168.78
322,Jaime,Vala,jvala8x@google.com.hk,Female,54.97.140.154
323,Donnamarie,Balk,dbalk8y@va.gov,Female,196.39.224.167
324,Dud,Santon,dsanton8z@infoseek.co.jp,Male,253.167.243.250
325,Sergio,De Ruggero,sderuggero90@chicagotribune.com,Male,187.79.82.21
326,Hugibert,Lismore,hlismore91@buzzfeed.com,Male,115.20.16.72
327,Ammamaria,Newbigging,anewbigging92@berkeley.edu,Female,203.79.23.136
328,Israel,Inworth,iinworth93@tinypic.com,Male,60.137.111.36
329,Dudley,Spinella,dspinella94@elegantthemes.com,Male,174.206.88.222
330,Cynthie,Chrestien,cchrestien95@sun.com,Female,218.83.242.110
331,Raphael,Moles,rmoles96@skyrock.com,Male,88.1.35.80
332,Hiram,Hathwood,hhathwood97@digg.com,Male,155.244.191.31
333,Sara,Stollsteimer,sstollsteimer98@examiner.com,Female,18.210.223.139
334,Harli,Huller,hhuller99@ezinearticles.com,Female,71.217.119.164
335,Delmer,Bladder,dbladder9a@ucsd.edu,Male,100.152.16.231
336,Percy,Meffan,pmeffan9b@cbslocal.com,Male,179.107.208.139
337,Philip,Trustram,ptrustram9c@csmonitor.com,Male,221.204.102.130
338,Renate,Mabbott,rmabbott9d@whitehouse.gov,Female,253.121.222.37
339,Ermengarde,Tregonna,etregonna9e@state.gov,Genderfluid,248.79.59.150
340,Norine,Yashaev,nyashaev9f@cloudflare.com,Female,116.119.207.148
341,Genovera,Dockree,gdockree9g@jalbum.net,Female,167.88.255.29
342,Pearce,Commin,pcommin9h@lycos.com,Male,35.205.125.60
343,Aurelea,Pietruszewicz,apietruszewicz9i@flickr.com,Female,122.56.22.189
344,Davida,Auchterlonie,dauchterlonie9j@tumblr.com,Female,40.132.237.108
345,Paquito,Deverick,pdeverick9k@slashdot.org,Male,175.60.63.187
346,Leoline,Gouldeby,lgouldeby9l@businessweek.com,Female,149.115.134.103
347,Brewer,Schimke,bschimke9m@un.org,Male,198.253.154.49
348,Tabbie,Emby,temby9n@unblog.fr,Female,82.95.161.178
349,Herold,Izen,hizen9o@blogspot.com,Male,92.158.54.210
350,Quentin,MacDermott,qmacdermott9p@google.nl,Male,207.148.222.238
351,Alex,Duckers,aduckers9q@omniture.com,Female,46.58.150.76
352,Shelagh,Gillebride,sgillebride9r@twitter.com,Female,99.183.1.4
353,Reggis,Beddow,rbeddow9s@twitpic.com,Male,123.214.70.21
354,Ole,Nestle,onestle9t@loc.gov,Male,34.77.88.58
355,Eveline,Lindenstrauss,elindenstrauss9u@twitpic.com,Female,243.211.187.86
356,Alvera,Payle,apayle9v@newsvine.com,Female,198.220.181.82
357,Vikki,Birth,vbirth9w@godaddy.com,Female,3.210.235.240
358,Janifer,Everwin,jeverwin9x@kickstarter.com,Female,236.246.80.33
359,Deeyn,O'Fallone,dofallone9y@slashdot.org,Female,242.166.51.11
360,Maximo,Smieton,msmieton9z@tripadvisor.com,Male,174.182.77.122
361,Pippa,Mulhill,pmulhilla0@google.com,Female,181.202.164.27
362,Hattie,Crome,hcromea1@bigcartel.com,Female,231.90.130.98
363,Nadya,Newis,nnewisa2@mapquest.com,Bigender,165.182.137.50
364,Robinson,Works,rworksa3@imdb.com,Male,151.39.73.57
365,Ardelis,Gyorgy,agyorgya4@printfriendly.com,Female,21.234.129.63
366,Gradey,Benting,gbentinga5@imageshack.us,Bigender,69.123.84.100
367,Mile,Lavin,mlavina6@loc.gov,Male,142.199.58.201
368,Lena,Searby,lsearbya7@bloglovin.com,Bigender,137.140.170.214
369,Garrard,Crosdill,gcrosdilla8@bloglovin.com,Polygender,76.12.131.122
370,Troy,Burgisi,tburgisia9@paginegialle.it,Male,62.63.208.8
371,Bart,Ditts,bdittsaa@constantcontact.com,Male,108.234.251.127
372,Brandise,Brady,bbradyab@ask.com,Female,181.175.115.168
373,Jody,Dongate,jdongateac@delicious.com,Female,219.198.56.157
374,Tedra,Guyet,tguyetad@cyberchimps.com,Female,4.170.64.128
375,Dennie,Ferriby,dferribyae@mac.com,Polygender,114.155.20.54
376,Silas,Cannon,scannonaf@geocities.com,Male,196.149.33.222
377,Dalis,Feragh,dferaghag@skype.com,Male,246.34.11.244
378,Ashley,Tuftin,atuftinah@liveinternet.ru,Bigender,207.88.122.169
379,Gwendolen,Rushbrook,grushbrookai@ehow.com,Female,84.101.6.254
380,Derek,Nussey,dnusseyaj@gmpg.org,Male,35.13.44.111
381,Allegra,Fullerd,afullerdak@nbcnews.com,Female,110.73.254.241
382,Glynda,Loughlan,gloughlanal@last.fm,Female,76.21.135.163
383,Nata,Brotherhead,nbrotherheadam@yelp.com,Female,122.87.69.153
384,Mic,Ringham,mringhaman@1und1.de,Male,174.205.172.209
385,Horst,Eaton,heatonao@thetimes.co.uk,Male,191.249.172.237
386,Dani,Gouldstone,dgouldstoneap@google.com.br,Female,64.213.217.129
387,Charleen,Chidwick,cchidwickaq@earthlink.net,Female,125.179.164.209
388,Cristiano,Hickisson,chickissonar@typepad.com,Male,84.134.94.166
389,Becky,Castan,bcastanas@rambler.ru,Genderfluid,68.164.93.77
390,Lorene,Schlagh,lschlaghat@yelp.com,Female,78.197.81.6
391,Ken,Dommett,kdommettau@networkadvertising.org,Male,187.60.64.214
392,Justine,Mephan,jmephanav@soundcloud.com,Female,70.22.64.100
393,Isador,Seleway,iselewayaw@livejournal.com,Male,76.235.4.106
394,Randolph,Ferns,rfernsax@devhub.com,Male,7.184.248.232
395,Merilyn,Maccari,mmaccariay@engadget.com,Female,95.109.20.121
396,Lynelle,Stockoe,lstockoeaz@github.io,Female,223.249.33.182
397,Elbert,Draayer,edraayerb0@blog.com,Male,207.166.101.161
398,Brander,Potes,bpotesb1@homestead.com,Male,8.121.48.144
399,Vin,Jaggi,vjaggib2@ow.ly,Male,112.28.2.188
400,Wade,Hughes,whughesb3@freewebs.com,Male,214.42.68.164
401,Crystie,Vogele,cvogeleb4@ft.com,Female,131.125.45.92
402,Francene,Claypole,fclaypoleb5@live.com,Female,148.215.252.10
403,Freddie,Cicculi,fcicculib6@aol.com,Male,36.33.248.107
404,Lyndel,Guerrero,lguerrerob7@meetup.com,Female,245.245.241.108
405,Neddy,Picheford,npichefordb8@plala.or.jp,Male,168.34.131.119
406,Regen,Mallows,rmallowsb9@bloglovin.com,Male,146.198.242.56
407,Augie,Beynon,abeynonba@vk.com,Male,95.222.60.145
408,Issie,Burbudge,iburbudgebb@godaddy.com,Agender,205.18.36.211
409,Carlyle,Duinkerk,cduinkerkbc@sogou.com,Male,53.172.189.104
410,Leland,Kipling,lkiplingbd@slideshare.net,Male,231.234.43.204
411,Saw,Lezemore,slezemorebe@myspace.com,Bigender,134.24.220.61
412,Irwinn,Patzelt,ipatzeltbf@ihg.com,Male,11.103.198.214
413,Chickie,Vine,cvinebg@list-manage.com,Male,168.19.135.251
414,Alvin,De Micoli,ademicolibh@ebay.co.uk,Male,43.124.85.172
415,Rabbi,Jime,rjimebi@cbc.ca,Male,210.243.46.224
416,Camala,Roskelley,croskelleybj@naver.com,Female,219.14.111.153
417,Davide,Forrestill,dforrestillbk@simplemachines.org,Male,63.8.252.173
418,Gibby,Taysbil,gtaysbilbl@symantec.com,Male,172.195.199.111
419,Myca,Cricket,mcricketbm@cdc.gov,Male,115.59.223.54
420,Vassili,Izhakov,vizhakovbn@toplist.cz,Male,243.132.204.237
421,Ddene,Senner,dsennerbo@baidu.com,Female,202.23.152.53
422,Courtenay,Florentine,cflorentinebp@fda.gov,Female,199.136.1.72
423,Chase,Ruddle,cruddlebq@google.de,Polygender,9.139.56.255
424,Joelie,Brooks,jbrooksbr@ebay.co.uk,Female,46.125.65.200
425,Chariot,Heaker,cheakerbs@typepad.com,Male,71.239.12.229
426,Shelia,Simunek,ssimunekbt@over-blog.com,Female,156.67.110.147
427,Carlee,Kobus,ckobusbu@yellowbook.com,Female,153.46.204.95
428,Mose,O'Bradden,mobraddenbv@eepurl.com,Male,82.128.159.198
429,Spike,Rankin,srankinbw@google.it,Male,181.128.248.123
430,Mose,Woodrough,mwoodroughbx@wix.com,Male,1.38.233.155
431,Delinda,McTrustrie,dmctrustrieby@gnu.org,Female,243.169.200.146
432,Etti,Underhill,eunderhillbz@blinklist.com,Female,238.235.157.10
433,Cecilia,Shiels,cshielsc0@lycos.com,Female,50.116.168.189
434,Aile,Masi,amasic1@google.ru,Female,99.155.129.179
435,Wenona,McGrill,wmcgrillc2@slideshare.net,Non-binary,125.251.192.217
436,Sadie,Hugonet,shugonetc3@slashdot.org,Female,3.141.47.59
437,Gregorius,Baunton,gbauntonc4@w3.org,Male,221.227.234.172
438,Aloise,Annice,aannicec5@istockphoto.com,Female,97.57.212.181
439,Barty,Coomes,bcoomesc6@g.co,Male,174.178.20.104
440,Haze,Spat,hspatc7@wufoo.com,Male,152.80.132.153
441,Nicolette,Stonary,nstonaryc8@e-recht24.de,Female,192.55.99.124
442,Mareah,Baraja,mbarajac9@uiuc.edu,Female,211.105.217.126
443,Edvard,Blagburn,eblagburnca@harvard.edu,Male,72.180.113.109
444,Emmet,Hollebon,eholleboncb@nymag.com,Male,198.33.222.73
445,Chas,Sandry,csandrycc@msu.edu,Male,102.230.81.48
446,Mar,Jaquin,mjaquincd@tumblr.com,Agender,237.27.39.205
447,Veronike,Bennitt,vbennittce@engadget.com,Female,242.86.195.90
448,Sullivan,Piers,spierscf@sphinn.com,Male,53.191.228.147
449,Meridith,Herries,mherriescg@columbia.edu,Female,177.218.30.90
450,Tailor,Allanson,tallansonch@ycombinator.com,Male,102.84.28.102
451,Odelinda,Outright,ooutrightci@instagram.com,Female,27.242.118.116
452,Silvio,Pitcaithley,spitcaithleycj@engadget.com,Male,248.224.180.180
453,Lyon,Glasard,lglasardck@behance.net,Male,162.73.30.113
454,Glen,Wakes,gwakescl@squarespace.com,Polygender,5.230.45.57
455,Merrill,Goldsack,mgoldsackcm@people.com.cn,Male,217.52.131.214
456,Ritchie,Allbones,rallbonescn@nationalgeographic.com,Male,161.59.133.54
457,Archer,Alejandre,aalejandreco@narod.ru,Male,248.54.87.81
458,Esta,Isaac,eisaaccp@hp.com,Female,62.139.116.76
459,Thalia,Banbury,tbanburycq@dot.gov,Female,102.3.107.56
460,Inger,Pankethman,ipankethmancr@intel.com,Female,236.77.89.56
461,Milka,Wallbanks,mwallbankscs@usa.gov,Female,57.0.115.47
462,Petronia,Gold,pgoldct@dion.ne.jp,Female,217.249.63.60
463,Alma,Wagg,awaggcu@amazon.de,Female,195.217.146.132
464,Reinhold,Humblestone,rhumblestonecv@unblog.fr,Male,199.80.230.173
465,Sarge,Felkin,sfelkincw@github.com,Male,94.87.139.186
466,Susanne,Kempton,skemptoncx@arstechnica.com,Female,49.216.5.179
467,Marley,Smaile,msmailecy@arstechnica.com,Female,66.211.20.5
468,Piper,Nuzzti,pnuzzticz@miitbeian.gov.cn,Female,213.228.134.207
469,Abelard,Dewsnap,adewsnapd0@ucsd.edu,Male,147.210.69.244
470,Urbanus,Belsham,ubelshamd1@google.ca,Male,204.208.81.23
471,Florina,Thying,fthyingd2@mit.edu,Female,157.108.218.144
472,Jacquie,Stollen,jstollend3@harvard.edu,Female,148.252.203.165
473,Matty,Etherton,methertond4@vimeo.com,Female,34.86.101.159
474,Peder,Marjanski,pmarjanskid5@columbia.edu,Male,216.231.157.204
475,Vernor,Strippel,vstrippeld6@economist.com,Male,124.160.35.97
476,Lenci,Chomiszewski,lchomiszewskid7@washingtonpost.com,Male,9.85.177.216
477,Earlie,Whitfeld,ewhitfeldd8@devhub.com,Male,151.102.229.216
478,Wendi,Lovemore,wlovemored9@chronoengine.com,Female,96.197.245.91
479,Gian,Bierling,gbierlingda@google.pl,Male,91.73.115.56
480,Fara,Couper,fcouperdb@squarespace.com,Female,219.39.215.4
481,Hadrian,Sirmond,hsirmonddc@techcrunch.com,Male,240.130.42.31
482,Merridie,Farrants,mfarrantsdd@google.ru,Female,86.70.224.30
483,Michel,Sandeman,msandemande@usgs.gov,Male,100.205.58.67
484,Tully,Capelow,tcapelowdf@globo.com,Male,169.24.241.174
485,Arluene,Condict,acondictdg@amazonaws.com,Female,194.117.66.182
486,Falito,MacKettrick,fmackettrickdh@army.mil,Male,214.205.69.105
487,Jedidiah,Henden,jhendendi@ovh.net,Male,168.197.209.137
488,Orin,Floodgate,ofloodgatedj@github.io,Male,91.75.59.233
489,Ardyth,Gemson,agemsondk@vkontakte.ru,Female,103.39.60.42
490,Roberta,De Antoni,rdeantonidl@salon.com,Female,142.116.129.97
491,Conant,Litherland,clitherlanddm@scribd.com,Male,237.173.61.219
492,Maisie,Ragborne,mragbornedn@mit.edu,Female,129.97.191.34
493,Conny,Tebbutt,ctebbuttdo@facebook.com,Male,85.80.244.92
494,Hilary,Worlidge,hworlidgedp@loc.gov,Male,74.131.13.11
495,Ilyse,Ethridge,iethridgedq@wix.com,Female,54.201.139.103
496,Reinhold,Cocking,rcockingdr@newyorker.com,Agender,188.205.14.187
497,Foster,Pavlata,fpavlatads@fema.gov,Male,236.19.248.86
498,Saunder,Kerley,skerleydt@latimes.com,Male,19.223.22.246
499,Siegfried,O'Boyle,soboyledu@g.co,Male,37.46.136.92
500,Haze,Laxson,hlaxsondv@slashdot.org,Male,78.34.71.73
501,Korie,Sturney,ksturneydw@boston.com,Female,251.54.48.182
502,Erinna,Streeting,estreetingdx@histats.com,Female,215.21.9.6
503,Carolus,Avery,caverydy@123-reg.co.uk,Polygender,72.67.94.23
504,Harwell,Tomkies,htomkiesdz@netscape.com,Male,234.213.158.209
505,Remy,Nussey,rnusseye0@goo.gl,Female,123.30.153.105
506,Tyrone,Eallis,teallise1@ow.ly,Male,76.157.239.5
507,Antons,Larrington,alarringtone2@e-recht24.de,Male,44.222.68.139
508,Cymbre,Mickelwright,cmickelwrighte3@discuz.net,Female,142.80.12.35
509,Guido,Puleque,gpulequee4@domainmarket.com,Male,122.137.82.44
510,Tadeas,Ikringill,tikringille5@youtube.com,Male,45.210.91.133
511,Ami,Greenhall,agreenhalle6@boston.com,Female,16.177.200.102
512,Cory,Urvoy,curvoye7@goodreads.com,Male,84.19.5.185
513,Alisander,Frankcombe,afrankcombee8@joomla.org,Male,138.122.164.173
514,Eimile,Guiet,eguiete9@ibm.com,Female,35.17.223.208
515,Cornelius,Trime,ctrimeea@craigslist.org,Male,223.226.109.143
516,Robin,Collyer,rcollyereb@yale.edu,Male,225.161.25.76
517,Cecil,Shorton,cshortonec@yale.edu,Female,72.126.85.204
518,Lion,Penrose,lpenroseed@cloudflare.com,Male,140.179.106.76
519,Selestina,Carragher,scarragheree@gravatar.com,Female,219.78.159.240
520,Taryn,Rosindill,trosindillef@apache.org,Female,128.252.240.123
521,Lalo,Birks,lbirkseg@engadget.com,Bigender,130.175.41.11
522,Hiram,Blewis,hblewiseh@google.com.au,Male,42.7.104.176
523,Kacey,Althorpe,kalthorpeei@elpais.com,Bigender,115.104.114.8
524,Antonino,Roycraft,aroycraftej@geocities.com,Male,22.162.251.25
525,Conrado,Kerbey,ckerbeyek@senate.gov,Male,172.66.64.67
526,Cassi,Cornwall,ccornwallel@plala.or.jp,Female,168.150.159.65
527,Theda,Scala,tscalaem@topsy.com,Female,140.79.61.194
528,Sileas,Peery,speeryen@sfgate.com,Female,77.250.27.159
529,Danny,Velareal,dvelarealeo@fc2.com,Genderfluid,183.134.197.153
530,Nanice,Le Provest,nleprovestep@homestead.com,Female,69.210.195.210
531,Alic,Stickells,astickellseq@fc2.com,Male,11.230.78.235
532,Ansell,Hamor,ahamorer@indiegogo.com,Male,230.49.178.25
533,Monro,Andreix,mandreixes@icio.us,Male,115.207.91.167
534,Alejandra,Rudiger,arudigeret@tamu.edu,Female,197.72.228.85
535,Frieda,Strettell,fstrettelleu@deliciousdays.com,Female,11.147.193.142
536,Letizia,Meecher,lmeecherev@usa.gov,Female,205.182.17.118
537,Keary,Fitzsymonds,kfitzsymondsew@ocn.ne.jp,Male,174.20.97.30
538,Nevile,Muzzlewhite,nmuzzlewhiteex@google.it,Male,152.220.146.131
539,Mendy,Morl,mmorley@wikispaces.com,Male,31.72.95.155
540,Franky,Tripney,ftripneyez@google.com.hk,Male,175.220.74.219
541,Keeley,Albertson,kalbertsonf0@tmall.com,Agender,157.7.27.225
542,Edgardo,Berrey,eberreyf1@narod.ru,Male,0.29.166.11
543,Chery,Smardon,csmardonf2@mac.com,Female,150.29.104.13
544,Wesley,Woolstenholmes,wwoolstenholmesf3@squarespace.com,Male,231.200.21.170
545,Packston,Carberry,pcarberryf4@github.com,Polygender,75.255.97.9
546,Pavla,De Micoli,pdemicolif5@wikipedia.org,Polygender,42.99.75.160
547,Jeanie,Wrightham,jwrighthamf6@acquirethisname.com,Female,16.90.108.199
548,Katusha,Roan,kroanf7@exblog.jp,Female,92.43.255.221
549,Patrizio,Sandwith,psandwithf8@themeforest.net,Male,232.167.177.56
550,Marve,Pinnigar,mpinnigarf9@uol.com.br,Male,56.40.121.112
551,Sonny,Tommasetti,stommasettifa@sogou.com,Female,9.85.2.145
552,Gardner,Mathewes,gmathewesfb@addtoany.com,Male,122.107.180.112
553,Barrie,Lindley,blindleyfc@sourceforge.net,Male,158.194.188.19
554,Missie,Piggins,mpigginsfd@amazon.co.uk,Female,246.230.27.22
555,Earle,Emerson,eemersonfe@gizmodo.com,Bigender,208.235.200.27
556,Richmound,Gaitung,rgaitungff@umn.edu,Male,163.55.9.142
557,Yankee,Boseley,yboseleyfg@com.com,Male,175.52.89.16
558,Aurie,Tukely,atukelyfh@shop-pro.jp,Female,212.143.238.205
559,Thekla,Anwyl,tanwylfi@economist.com,Bigender,139.181.161.59
560,Trudey,Burde,tburdefj@lulu.com,Female,179.122.223.101
561,Tiphany,Thorndycraft,tthorndycraftfk@histats.com,Bigender,55.65.108.58
562,Tristam,Houliston,thoulistonfl@archive.org,Male,83.222.69.192
563,Sharona,Eadmeads,seadmeadsfm@bloglines.com,Female,222.191.233.35
564,Freemon,Pull,fpullfn@discovery.com,Male,162.68.122.158
565,Sibel,Drugan,sdruganfo@discuz.net,Female,234.171.114.218
566,Amara,Oldnall,aoldnallfp@princeton.edu,Female,66.28.193.235
567,Dennison,Whitmore,dwhitmorefq@reuters.com,Male,160.235.11.36
568,Isa,Kentish,ikentishfr@zimbio.com,Female,99.6.153.149
569,Lora,Glanvill,lglanvillfs@reuters.com,Female,33.6.17.198
570,Gordie,Macari,gmacarift@weebly.com,Male,62.168.153.169
571,Major,Full,mfullfu@bravesites.com,Male,175.137.85.230
572,Sarita,Wilmore,swilmorefv@live.com,Female,87.143.127.191
573,Anthony,Gravy,agravyfw@ed.gov,Male,140.155.46.95
574,Kelli,Messom,kmessomfx@about.com,Female,140.129.146.114
575,Dasya,Scurrey,dscurreyfy@bandcamp.com,Female,217.97.221.198
576,Jeniffer,Ghioni,jghionifz@gmpg.org,Female,138.2.37.2
577,Kaitlyn,Shellum,kshellumg0@imdb.com,Female,168.204.60.69
578,Tabb,Skayman,tskaymang1@is.gd,Male,196.48.159.239
579,Margie,Gwyllt,mgwylltg2@i2i.jp,Female,241.84.85.40
580,Emelia,Kinder,ekinderg3@reverbnation.com,Genderfluid,112.149.7.6
581,Charline,St. Hill,csthillg4@mashable.com,Female,37.200.84.0
582,Lanny,Cudd,lcuddg5@mashable.com,Male,78.3.8.191
583,Alethea,Smedley,asmedleyg6@twitter.com,Female,142.149.159.215
584,Devlen,Francois,dfrancoisg7@reverbnation.com,Male,248.214.217.88
585,Claudetta,Gauntley,cgauntleyg8@yahoo.com,Female,2.193.149.112
586,Hannie,De Pero,hdeperog9@ibm.com,Female,222.157.66.163
587,Ashlen,Romagosa,aromagosaga@chronoengine.com,Female,191.205.120.149
588,Yehudit,Saunderson,ysaundersongb@shareasale.com,Male,104.78.220.193
589,Thane,Tudbald,ttudbaldgc@ning.com,Male,77.189.210.115
590,Otho,Cookney,ocookneygd@miitbeian.gov.cn,Male,159.58.125.139
591,Alphonso,Mapstone,amapstonege@cdbaby.com,Male,171.242.168.251
592,Stephine,Illing,sillinggf@google.cn,Genderfluid,78.223.81.236
593,Ruby,Offill,roffillgg@pbs.org,Female,169.152.84.14
594,Cristine,St. Ledger,cstledgergh@bbb.org,Female,4.185.222.200
595,Riley,Gershom,rgershomgi@cbslocal.com,Male,152.13.88.44
596,Dav,Kanwell,dkanwellgj@princeton.edu,Male,18.188.100.76
597,Ely,Britt,ebrittgk@chicagotribune.com,Male,231.127.108.109
598,Lari,Humble,lhumblegl@cnn.com,Female,207.185.217.219
599,Ethe,Drissell,edrissellgm@nsw.gov.au,Male,148.21.138.199
600,Jedd,Beausang,jbeausanggn@harvard.edu,Male,219.134.75.150
601,John,Gooder,jgoodergo@tiny.cc,Male,21.148.183.60
602,Agnella,McCaughren,amccaughrengp@ibm.com,Agender,21.155.231.125
603,Devin,Bwye,dbwyegq@goo.ne.jp,Female,160.220.252.55
604,Padget,Capey,pcapeygr@amazon.com,Male,6.9.99.65
605,Petrina,Hadley,phadleygs@wiley.com,Genderqueer,220.126.220.201
606,Cairistiona,Quare,cquaregt@dedecms.com,Female,166.51.177.154
607,Samson,Gidney,sgidneygu@diigo.com,Male,188.60.126.205
608,Aurel,Alvin,aalvingv@usgs.gov,Polygender,197.53.20.8
609,Rourke,Cristol,rcristolgw@unicef.org,Male,244.149.8.46
610,Corrianne,Bolesworth,cbolesworthgx@fema.gov,Agender,82.237.134.222
611,Cordy,Dewberry,cdewberrygy@wsj.com,Female,26.235.6.50
612,Cookie,Surtees,csurteesgz@prlog.org,Female,141.198.14.179
613,Dom,Ference,dferenceh0@flickr.com,Male,0.198.7.122
614,Fredek,Hannam,fhannamh1@house.gov,Male,214.39.206.250
615,Shae,Bresson,sbressonh2@quantcast.com,Male,207.77.168.150
616,Marcella,Triplett,mtripletth3@economist.com,Genderfluid,98.152.94.220
617,Natale,Vinton,nvintonh4@yolasite.com,Male,127.251.208.33
618,Christoph,Tarquinio,ctarquinioh5@wikimedia.org,Non-binary,35.182.45.23
619,Maggie,Lifton,mliftonh6@bbb.org,Female,165.150.229.8
620,Wilona,Guarin,wguarinh7@aol.com,Female,255.224.81.167
621,Kylila,Eburah,keburahh8@cocolog-nifty.com,Female,183.14.193.86
622,Novelia,Wesgate,nwesgateh9@berkeley.edu,Female,165.223.152.48
623,Ronny,Adolf,radolfha@alibaba.com,Male,2.38.110.130
624,Brandtr,de Clercq,bdeclercqhb@blogspot.com,Male,34.149.70.216
625,Corena,Senussi,csenussihc@businessinsider.com,Female,170.142.91.126
626,Normand,Adelberg,nadelberghd@smh.com.au,Male,73.35.232.147
627,Yul,Rubinowitz,yrubinowitzhe@cmu.edu,Male,20.99.181.205
628,Margery,Emma,memmahf@google.nl,Polygender,153.130.170.61
629,Remington,Camplejohn,rcamplejohnhg@elegantthemes.com,Male,165.38.38.237
630,Woodman,Kilday,wkildayhh@latimes.com,Male,162.247.151.88
631,Odelle,Iley,oileyhi@w3.org,Female,176.20.204.79
632,Gloriane,Keston,gkestonhj@unc.edu,Female,86.93.76.158
633,Darby,Biddles,dbiddleshk@chron.com,Female,146.107.58.155
634,Antonie,Cressey,acresseyhl@craigslist.org,Female,178.157.97.3
635,Humphrey,Heard,hheardhm@stanford.edu,Male,8.251.4.219
636,Percy,McBain,pmcbainhn@people.com.cn,Male,208.115.105.200
637,Aggie,Bremeyer,abremeyerho@hp.com,Bigender,28.103.115.182
638,Alfie,Durrett,adurretthp@ocn.ne.jp,Female,70.173.244.240
639,Abie,Comettoi,acomettoihq@ifeng.com,Male,186.113.129.139
640,Aimee,Dempster,adempsterhr@marriott.com,Female,68.72.159.234
641,Bordy,Croydon,bcroydonhs@npr.org,Male,89.109.205.26
642,Madlin,Padrick,mpadrickht@symantec.com,Female,68.160.146.255
643,Pen,Robertis,probertishu@comsenz.com,Male,75.144.205.194
644,Osmond,Coxhell,ocoxhellhv@altervista.org,Male,141.12.134.217
645,Grenville,Randal,grandalhw@psu.edu,Male,31.95.113.201
646,Selby,Eim,seimhx@elpais.com,Male,60.96.196.208
647,Arel,Fishley,afishleyhy@timesonline.co.uk,Male,217.36.26.20
648,Bee,Oxbe,boxbehz@census.gov,Female,90.27.40.130
649,Damian,Hannon,dhannoni0@discovery.com,Male,179.15.67.4
650,Zak,Brunsden,zbrunsdeni1@eventbrite.com,Male,103.133.255.196
651,Jard,Stanway,jstanwayi2@nytimes.com,Male,186.182.152.95
652,Lindon,Moller,lmolleri3@dagondesign.com,Male,75.193.43.242
653,Serge,Dymocke,sdymockei4@pinterest.com,Male,78.70.167.16
654,Domingo,Mainston,dmainstoni5@cmu.edu,Male,123.75.196.206
655,Liuka,Gherardelli,lgherardellii6@reddit.com,Female,129.62.63.43
656,Kenon,Riddoch,kriddochi7@wp.com,Male,190.142.31.157
657,Daisi,Coghlin,dcoghlini8@t.co,Female,159.141.76.171
658,Lindon,Rattery,lratteryi9@salon.com,Male,4.74.48.9
659,Isaak,MacIlory,imaciloryia@google.com,Male,207.163.134.15
660,Consuelo,Alywen,calywenib@twitter.com,Female,182.128.115.205
661,Mitchel,Bagnell,mbagnellic@apple.com,Male,67.14.218.248
662,Malchy,Downie,mdownieid@nymag.com,Agender,215.151.18.135
663,Hilarius,MattiCCI,hmatticciie@1und1.de,Male,228.126.2.101
664,Vina,Farron,vfarronif@un.org,Female,6.194.243.158
665,Cesaro,Lippiett,clippiettig@histats.com,Male,124.144.95.29
666,Filippo,Elwyn,felwynih@etsy.com,Male,81.206.194.43
667,Waite,Constantine,wconstantineii@huffingtonpost.com,Male,211.172.163.56
668,Alvie,MacCague,amaccagueij@state.gov,Genderfluid,218.107.41.96
669,Ade,Able,aableik@google.it,Male,171.133.254.207
670,Kaspar,O'Bruen,kobruenil@va.gov,Male,33.143.49.228
671,Allegra,Crew,acrewim@amazonaws.com,Female,242.153.247.201
672,Forster,Hamstead,fhamsteadin@economist.com,Male,148.7.4.59
673,Danice,Rennie,drennieio@yahoo.com,Female,65.20.60.57
674,Thedric,Doumer,tdoumerip@gravatar.com,Agender,55.53.181.205
675,Rozanna,Kleynermans,rkleynermansiq@yale.edu,Female,45.101.72.138
676,Massimiliano,Scaife,mscaifeir@sfgate.com,Male,167.55.15.22
677,Gustavus,Nanson,gnansonis@nytimes.com,Male,157.93.43.35
678,Toiboid,Cossons,tcossonsit@hubpages.com,Male,136.96.99.107
679,Dana,Fayne,dfayneiu@tinypic.com,Female,74.99.69.115
680,Lezlie,Manton,lmantoniv@1688.com,Female,120.57.173.195
681,Perla,Rowlin,prowliniw@sun.com,Female,69.76.251.108
682,Marylee,Fulun,mfulunix@plala.or.jp,Female,126.178.1.91
683,Stanislas,Paulusch,spauluschiy@independent.co.uk,Male,232.60.121.196
684,Katleen,Quigley,kquigleyiz@usgs.gov,Female,164.78.241.49
685,Gusta,Winfindale,gwinfindalej0@etsy.com,Female,236.232.190.123
686,Pieter,MacDearmaid,pmacdearmaidj1@dyndns.org,Genderfluid,13.137.74.222
687,Charlie,Bullin,cbullinj2@cisco.com,Male,189.35.77.210
688,Farrah,Billing,fbillingj3@tmall.com,Genderqueer,244.157.33.245
689,Stanwood,Tench,stenchj4@360.cn,Male,224.240.204.54
690,Jen,Gullane,jgullanej5@europa.eu,Female,191.160.41.55
691,Corella,Elnaugh,celnaughj6@huffingtonpost.com,Female,128.108.4.138
692,Lanie,Bowdon,lbowdonj7@friendfeed.com,Female,12.16.124.24
693,Phyllis,Hardaway,phardawayj8@unicef.org,Female,15.120.101.103
694,Terrie,Shout,tshoutj9@fc2.com,Female,35.168.29.52
695,Bev,Eschalette,beschaletteja@homestead.com,Female,149.115.76.25
696,Talbert,Donner,tdonnerjb@arizona.edu,Male,147.36.209.200
697,Leese,Crosscombe,lcrosscombejc@vk.com,Female,3.73.72.17
698,Newton,Cicchillo,ncicchillojd@about.com,Male,38.84.17.102
699,Morgun,Biers,mbiersje@opera.com,Male,245.118.81.43
700,Marcia,Shimwall,mshimwalljf@google.ca,Female,124.58.247.133
701,Paton,Bernardin,pbernardinjg@myspace.com,Male,184.86.27.48
702,Meghan,Das,mdasjh@altervista.org,Genderqueer,24.50.201.147
703,Belle,Pybus,bpybusji@parallels.com,Female,248.207.47.125
704,Benedict,Cafe,bcafejj@163.com,Male,204.124.92.161
705,Maximo,Ingerman,mingermanjk@statcounter.com,Male,247.182.113.61
706,Bengt,Sebley,bsebleyjl@umich.edu,Male,156.18.198.197
707,Alastair,Eckhard,aeckhardjm@alexa.com,Male,0.107.102.237
708,Jerry,Vicioso,jviciosojn@reference.com,Female,112.127.123.164
709,Roman,Wetherald,rwetheraldjo@army.mil,Male,189.57.137.224
710,Aundrea,Lawerence,alawerencejp@themeforest.net,Female,250.64.113.24
711,Addi,Frostdick,afrostdickjq@webmd.com,Female,62.40.233.119
712,Shayne,Gatecliffe,sgatecliffejr@edublogs.org,Male,168.144.30.111
713,Almire,Ritchman,aritchmanjs@discovery.com,Female,166.142.145.84
714,Maje,Baty,mbatyjt@bizjournals.com,Male,214.214.43.78
715,Hana,Wakeling,hwakelingju@eventbrite.com,Female,117.235.247.37
716,Gilberto,Favell,gfavelljv@scribd.com,Male,212.118.170.98
717,Candis,Eringey,ceringeyjw@flavors.me,Female,11.78.28.130
718,Brannon,Edds,beddsjx@theatlantic.com,Male,204.49.68.189
719,Ethelind,Tamsett,etamsettjy@booking.com,Genderfluid,134.222.114.30
720,Ginger,Irnys,girnysjz@bandcamp.com,Female,52.106.214.219
721,Trix,Volke,tvolkek0@indiatimes.com,Female,141.169.132.3
722,Rogers,Schole,rscholek1@cbc.ca,Male,115.209.23.126
723,Dehlia,Schimpke,dschimpkek2@newsvine.com,Female,184.48.70.196
724,Pauletta,Godding,pgoddingk3@fastcompany.com,Female,55.196.12.89
725,Desdemona,Tindle,dtindlek4@craigslist.org,Female,59.155.215.209
726,Leeanne,Fretwell,lfretwellk5@washingtonpost.com,Female,110.85.61.27
727,Alysa,Stillwell,astillwellk6@geocities.com,Female,43.250.120.228
728,Terry,Wroe,twroek7@4shared.com,Female,217.24.231.172
729,Cori,Thorlby,cthorlbyk8@huffingtonpost.com,Genderqueer,190.73.240.78
730,Edna,Hargrove,ehargrovek9@skyrock.com,Female,46.2.192.25
731,Rey,Feifer,rfeiferka@mysql.com,Male,147.211.50.191
732,Sharla,Tompkin,stompkinkb@gravatar.com,Female,30.69.178.194
733,Kilian,David,kdavidkc@cbsnews.com,Male,250.247.130.96
734,Elfrieda,Bilam,ebilamkd@gravatar.com,Female,137.240.140.83
735,Valene,Tordiffe,vtordiffeke@wsj.com,Genderfluid,154.191.57.154
736,Misha,Conquest,mconquestkf@netlog.com,Female,196.50.183.183
737,Gabrielle,Jamme,gjammekg@ibm.com,Female,128.109.77.253
738,Nettie,O'Currine,nocurrinekh@soup.io,Female,108.84.109.1
739,Susie,Waszkiewicz,swaszkiewiczki@wikispaces.com,Female,97.80.227.57
740,Stacee,Wytchard,swytchardkj@salon.com,Male,181.38.144.246
741,Carlo,MacCafferky,cmaccafferkykk@google.fr,Bigender,234.158.6.179
742,Jule,Janusz,jjanuszkl@canalblog.com,Bigender,128.7.230.64
743,Alexis,Gladdifh,agladdifhkm@topsy.com,Male,15.70.240.182
744,Faye,Brisseau,fbrisseaukn@yale.edu,Female,97.165.144.196
745,Teddie,Cattroll,tcattrollko@sogou.com,Female,47.199.110.14
746,Braden,Pickersail,bpickersailkp@vk.com,Male,28.135.73.209
747,Giacopo,Wandrack,gwandrackkq@timesonline.co.uk,Polygender,16.99.1.209
748,Heather,Addie,haddiekr@wikispaces.com,Female,183.156.11.243
749,Luce,Curman,lcurmanks@tmall.com,Male,183.170.182.36
750,Pieter,Forshaw,pforshawkt@php.net,Male,29.206.77.241
751,Aubrey,Kyston,akystonku@baidu.com,Genderfluid,30.191.71.13
752,Salomone,Menlove,smenlovekv@google.nl,Male,16.245.186.73
753,Gerardo,Perrie,gperriekw@cargocollective.com,Male,62.154.38.73
754,Alane,Leipnik,aleipnikkx@wikimedia.org,Female,81.153.159.120
755,Douglas,Cleife,dcleifeky@ehow.com,Male,201.107.98.172
756,Ariadne,Bugge,abuggekz@nature.com,Female,210.206.133.17
757,Atlante,Kindred,akindredl0@jalbum.net,Female,140.146.217.183
758,Maynord,Beales,mbealesl1@msn.com,Male,180.224.129.85
759,Hillery,Grent,hgrentl2@blinklist.com,Male,43.244.42.113
760,Otis,Ping,opingl3@live.com,Male,105.137.206.125
761,Dixie,Andrzejowski,dandrzejowskil4@ehow.com,Female,128.149.101.169
762,Taddeusz,Houlson,thoulsonl5@stanford.edu,Polygender,28.13.19.32
763,Johny,Badby,jbadbyl6@msu.edu,Male,184.65.40.231
764,Frederich,Bohling,fbohlingl7@free.fr,Male,88.171.105.3
765,Shaughn,Sallinger,ssallingerl8@blog.com,Male,186.225.183.191
766,Honor,Bisterfeld,hbisterfeldl9@fotki.com,Female,24.243.145.47
767,Alec,Cammell,acammellla@china.com.cn,Male,201.131.173.215
768,Timofei,Sember,tsemberlb@paginegialle.it,Male,127.4.238.152
769,Alyss,Arnaud,aarnaudlc@networksolutions.com,Female,160.93.89.246
770,Winni,Chazelle,wchazelleld@slideshare.net,Female,15.141.27.29
771,Veronica,Kilrow,vkilrowle@senate.gov,Bigender,140.227.60.160
772,Nerte,Thrustle,nthrustlelf@weibo.com,Female,6.196.149.211
773,Morgan,Sobczak,msobczaklg@si.edu,Male,171.78.219.18
774,Maia,Flasby,mflasbylh@wufoo.com,Non-binary,253.145.122.220
775,Kelsey,Julian,kjulianli@zdnet.com,Male,53.115.92.102
776,Daphne,Le Port,dleportlj@theatlantic.com,Female,131.10.229.217
777,Nerissa,Shewry,nshewrylk@discovery.com,Female,55.244.28.115
778,Caressa,Nenci,cnencill@squarespace.com,Female,254.187.174.219
779,Nerti,Girkin,ngirkinlm@google.pl,Female,49.59.30.101
780,Gunner,Gasking,ggaskingln@histats.com,Male,144.54.232.138
781,Harrison,Perle,hperlelo@virginia.edu,Male,226.82.168.131
782,Trstram,Wilne,twilnelp@pbs.org,Male,68.210.204.116
783,Sax,Aguirrezabal,saguirrezaballq@ucla.edu,Male,122.171.227.246
784,Katha,Duck,kducklr@narod.ru,Female,14.92.157.221
785,Cletis,Prevost,cprevostls@reddit.com,Bigender,64.205.106.3
786,Burnaby,Castellini,bcastellinilt@mysql.com,Male,197.163.73.67
787,Wake,Fumagallo,wfumagallolu@myspace.com,Male,249.16.185.185
788,Edik,Gosland,egoslandlv@dedecms.com,Male,246.23.3.104
789,Koressa,Oxenham,koxenhamlw@newsvine.com,Female,190.227.184.213
790,Stephanus,McShirrie,smcshirrielx@ustream.tv,Male,178.214.150.134
791,Umberto,Roggero,uroggeroly@webeden.co.uk,Male,175.1.114.13
792,Siobhan,Culpan,sculpanlz@paypal.com,Female,57.200.247.34
793,Umberto,Arnauduc,uarnauducm0@google.ca,Male,15.77.247.70
794,Sheilakathryn,Hummerston,shummerstonm1@icq.com,Female,19.42.165.201
795,Peg,Foulds,pfouldsm2@aol.com,Agender,165.99.122.193
796,Berton,Mayoh,bmayohm3@amazon.co.uk,Male,29.193.101.111
797,Uta,Rivalland,urivallandm4@vistaprint.com,Female,69.202.171.199
798,Beatrice,Kaliszewski,bkaliszewskim5@unblog.fr,Female,122.154.247.196
799,Dari,Shakelade,dshakeladem6@delicious.com,Female,55.0.222.233
800,Julianne,Reast,jreastm7@opensource.org,Female,141.138.96.180
801,Gerrie,Vasyukhichev,gvasyukhichevm8@free.fr,Female,227.215.187.252
802,Rina,Everwin,reverwinm9@spotify.com,Female,17.141.246.71
803,Joeann,Leathes,jleathesma@sitemeter.com,Female,106.98.15.239
804,Broderick,Rowlin,browlinmb@google.pl,Male,40.61.60.190
805,Ema,Falconer,efalconermc@thetimes.co.uk,Female,118.172.13.9
806,Artus,Haquard,ahaquardmd@vk.com,Male,168.172.222.193
807,Had,Tilston,htilstonme@discovery.com,Male,184.220.193.221
808,Gilligan,Norgan,gnorganmf@reference.com,Female,91.60.140.114
809,Sascha,Bliss,sblissmg@hao123.com,Male,199.200.202.194
810,Peggie,Antos,pantosmh@mapquest.com,Bigender,235.1.17.102
811,Abrahan,Coleyshaw,acoleyshawmi@ameblo.jp,Bigender,82.64.255.77
812,Kevin,Densham,kdenshammj@msu.edu,Male,60.158.211.75
813,Basilio,Wearing,bwearingmk@reference.com,Male,95.204.161.252
814,Koren,Turpey,kturpeyml@dyndns.org,Female,68.14.202.118
815,Pavla,Syce,psycemm@tamu.edu,Female,217.184.119.222
816,Carling,Abbess,cabbessmn@meetup.com,Male,14.82.215.207
817,Desdemona,Rayer,drayermo@chicagotribune.com,Female,219.226.188.222
818,Cyrillus,Eakle,ceaklemp@de.vu,Male,81.219.135.222
819,Christean,Dorr,cdorrmq@about.com,Female,125.196.199.104
820,Son,Mattacks,smattacksmr@about.com,Bigender,16.86.238.122
821,Georg,Hlavecek,ghlavecekms@addtoany.com,Male,41.254.164.23
822,Rafferty,Waszkiewicz,rwaszkiewiczmt@home.pl,Male,36.154.47.103
823,Robert,Hasnip,rhasnipmu@nifty.com,Male,148.60.250.23
824,Tate,Steeples,tsteeplesmv@reddit.com,Male,131.212.197.118
825,Elbertina,McArdell,emcardellmw@gov.uk,Female,234.128.125.109
826,Seymour,MacMenamy,smacmenamymx@netscape.com,Male,96.60.133.213
827,Yank,Swaine,yswainemy@creativecommons.org,Male,186.245.74.139
828,Tades,Cash,tcashmz@princeton.edu,Male,138.174.251.246
829,Melisa,Sowden,msowdenn0@nationalgeographic.com,Female,251.68.58.206
830,Kris,Thexton,kthextonn1@ucoz.ru,Female,7.8.109.87
831,Trixy,Shreeves,tshreevesn2@g.co,Female,86.172.229.88
832,Terrell,Spalton,tspaltonn3@spotify.com,Male,143.255.184.16
833,Bartlet,Aps,bapsn4@twitter.com,Male,239.242.35.136
834,Felike,Housley,fhousleyn5@europa.eu,Male,134.130.78.127
835,Berrie,Gloucester,bgloucestern6@nasa.gov,Female,173.132.99.155
836,Heriberto,Coundley,hcoundleyn7@kickstarter.com,Male,187.131.216.55
837,Analiese,Alenshev,aalenshevn8@engadget.com,Female,84.126.56.97
838,Charla,Firbank,cfirbankn9@dailymail.co.uk,Female,2.1.202.72
839,Shurlock,Mattinson,smattinsonna@whitehouse.gov,Bigender,69.244.150.96
840,Asa,Danson,adansonnb@unicef.org,Male,92.13.237.19
841,Lorna,Stookes,lstookesnc@kickstarter.com,Female,218.148.54.192
842,Jodie,Bestiman,jbestimannd@t-online.de,Male,44.64.76.146
843,Daven,Jahndel,djahndelne@storify.com,Male,253.217.94.118
844,Penrod,Pleasants,ppleasantsnf@cornell.edu,Male,151.52.184.253
845,Elke,Cluely,ecluelyng@paypal.com,Female,11.4.166.21
846,Claresta,Jekel,cjekelnh@altervista.org,Female,38.38.125.181
847,Wolf,Tranfield,wtranfieldni@pbs.org,Male,178.103.158.170
848,Shelbi,Gethin,sgethinnj@dion.ne.jp,Female,207.162.52.4
849,Irvin,Farnham,ifarnhamnk@usda.gov,Male,97.39.211.128
850,Bonny,Bilverstone,bbilverstonenl@w3.org,Genderfluid,50.135.115.169
851,Britte,Elcoat,belcoatnm@hexun.com,Female,92.218.99.35
852,Trevor,Newarte,tnewartenn@live.com,Male,223.251.166.177
853,Ado,Slinger,aslingerno@moonfruit.com,Male,142.26.119.88
854,Sylas,Eyton,seytonnp@rediff.com,Male,109.112.65.230
855,Byram,Fumagall,bfumagallnq@hibu.com,Genderqueer,214.158.167.76
856,Major,Rainy,mrainynr@facebook.com,Male,255.81.165.255
857,Henrie,Stolle,hstollens@ucla.edu,Female,28.182.7.12
858,Sue,Mathou,smathount@exblog.jp,Female,50.249.234.240
859,Kirbie,Brettel,kbrettelnu@yellowpages.com,Female,126.29.185.127
860,Phyllida,Quinney,pquinneynv@sakura.ne.jp,Female,51.32.141.211
861,Willabella,Rizzini,wrizzininw@cbsnews.com,Female,134.67.49.105
862,Sinclare,Hassewell,shassewellnx@amazon.de,Male,170.113.14.27
863,Idalina,Clyant,iclyantny@wired.com,Female,248.151.221.236
864,Sammy,Le Guin,sleguinnz@twitpic.com,Female,156.90.241.15
865,Addie,Sail,asailo0@youku.com,Female,95.80.75.88
866,Ethan,Jopling,ejoplingo1@economist.com,Genderfluid,150.129.130.37
867,Georgianne,Lodeke,glodekeo2@simplemachines.org,Female,228.164.20.180
868,Lynde,Fittis,lfittiso3@digg.com,Female,110.225.81.206
869,Bank,Edgecombe,bedgecombeo4@gizmodo.com,Bigender,242.107.103.171
870,Artemus,Skryne,askryneo5@a8.net,Male,156.145.153.128
871,Linzy,Allard,lallardo6@house.gov,Female,227.9.156.231
872,Fonzie,Davioud,fdavioudo7@360.cn,Male,88.129.254.80
873,Merrel,Dumphry,mdumphryo8@google.de,Male,4.2.82.47
874,Cobby,Chisholme,cchisholmeo9@cafepress.com,Male,247.36.172.96
875,Stesha,Hambers,shambersoa@hexun.com,Female,21.236.76.58
876,Cariotta,Sproson,csprosonob@sourceforge.net,Female,92.233.250.248
877,Tye,Prozescky,tprozesckyoc@yelp.com,Male,95.109.201.124
878,Leonid,Conaghan,lconaghanod@virginia.edu,Male,225.40.18.74
879,Delora,Druitt,ddruittoe@arstechnica.com,Female,112.112.41.49
880,Jeramey,MacIntosh,jmacintoshof@google.nl,Male,25.230.169.113
881,Merrielle,Darlison,mdarlisonog@slashdot.org,Female,101.4.160.157
882,Anna-maria,Redpath,aredpathoh@phpbb.com,Female,69.208.95.118
883,Elvera,Belchamp,ebelchampoi@newsvine.com,Female,139.158.183.165
884,Rochelle,Klampk,rklampkoj@technorati.com,Female,87.235.238.215
885,Harbert,Mulvihill,hmulvihillok@shinystat.com,Male,20.12.1.187
886,Lars,Peppard,lpeppardol@webeden.co.uk,Non-binary,115.177.156.156
887,Kalie,Simester,ksimesterom@icq.com,Agender,44.61.209.211
888,Susann,Athowe,sathoweon@unc.edu,Female,108.88.183.232
889,Boris,Duguid,bduguidoo@ehow.com,Male,6.0.65.253
890,Nevil,Gratten,ngrattenop@shareasale.com,Male,252.100.208.121
891,Isa,Pratten,iprattenoq@archive.org,Female,152.159.29.219
892,Siffre,Reilinger,sreilingeror@alibaba.com,Male,17.192.32.166
893,Uriah,Parlett,uparlettos@opensource.org,Male,168.6.94.134
894,Olin,Fippe,ofippeot@discuz.net,Agender,21.212.48.112
895,Will,Gallety,wgalletyou@nasa.gov,Male,43.54.197.71
896,Morly,Frotton,mfrottonov@miitbeian.gov.cn,Male,140.246.223.130
897,Farr,Sevior,fseviorow@weather.com,Non-binary,159.114.105.132
898,Ellynn,Auguste,eaugusteox@prlog.org,Female,31.197.174.8
899,Frederica,Cappell,fcappelloy@unblog.fr,Female,181.178.152.10
900,Tarah,Bearman,tbearmanoz@forbes.com,Female,212.10.15.99
901,Kalvin,Johannesson,kjohannessonp0@barnesandnoble.com,Male,118.123.182.167
902,Carmine,Erie,ceriep1@discovery.com,Male,229.21.78.136
903,Wernher,Seawright,wseawrightp2@soup.io,Male,232.58.128.131
904,Birch,Phare,bpharep3@archive.org,Male,201.86.139.197
905,Silvain,Ashpital,sashpitalp4@bizjournals.com,Male,106.232.133.213
906,Keri,Feares,kfearesp5@usatoday.com,Female,98.199.76.180
907,Chrisy,Brompton,cbromptonp6@arizona.edu,Bigender,192.6.58.50
908,Damien,Lavigne,dlavignep7@tripod.com,Male,117.227.165.143
909,Woodie,Lewin,wlewinp8@theglobeandmail.com,Male,45.126.8.250
910,Parsifal,Crinson,pcrinsonp9@amazon.co.jp,Male,9.170.66.8
911,Fidelio,Carren,fcarrenpa@msn.com,Male,184.135.194.245
912,Granny,Schorah,gschorahpb@opera.com,Male,226.103.144.158
913,Ruttger,Dowe,rdowepc@netscape.com,Male,190.249.158.82
914,Lonny,Wychard,lwychardpd@scientificamerican.com,Polygender,64.168.232.103
915,Simeon,Littrick,slittrickpe@discuz.net,Male,225.106.120.111
916,Bobby,Cadell,bcadellpf@springer.com,Female,0.4.215.112
917,Harlan,Sheehan,hsheehanpg@privacy.gov.au,Male,79.76.28.107
918,Clo,Spofforth,cspofforthph@disqus.com,Female,143.206.245.120
919,Lenee,Handling,lhandlingpi@bizjournals.com,Genderfluid,224.186.255.179
920,Abbie,Edmead,aedmeadpj@ftc.gov,Female,199.51.133.69
921,Sileas,Geikie,sgeikiepk@addthis.com,Female,152.35.50.7
922,Clyde,Choak,cchoakpl@mail.ru,Male,128.21.46.139
923,Tani,Haffenden,thaffendenpm@linkedin.com,Female,45.122.138.134
924,Gleda,Assinder,gassinderpn@google.com.au,Female,166.226.209.215
925,Pattie,Castaneda,pcastanedapo@webmd.com,Male,3.4.17.177
926,Mateo,Coopman,mcoopmanpp@acquirethisname.com,Male,73.25.252.53
927,Meridel,Naden,mnadenpq@illinois.edu,Female,3.196.179.211
928,Sheelagh,Roddy,sroddypr@edublogs.org,Female,217.202.100.117
929,Barris,Bento,bbentops@wordpress.org,Genderqueer,250.81.95.252
930,Clim,Ciccarelli,cciccarellipt@usatoday.com,Male,228.45.107.162
931,Woody,Fayer,wfayerpu@wikia.com,Male,44.249.129.93
932,Anderson,Pygott,apygottpv@opera.com,Male,24.219.15.149
933,Ban,Brayne,bbraynepw@bing.com,Male,56.114.145.47
934,Rubin,Turban,rturbanpx@vkontakte.ru,Male,40.156.191.135
935,Grace,Mahood,gmahoodpy@meetup.com,Female,215.81.162.237
936,Janaye,Kordes,jkordespz@craigslist.org,Genderfluid,117.110.252.86
937,Luce,Matyashev,lmatyashevq0@artisteer.com,Female,23.98.255.241
938,Tades,Ritch,tritchq1@instagram.com,Male,224.205.75.6
939,Carita,Tumilson,ctumilsonq2@youtube.com,Female,59.63.43.228
940,Virge,Avramovic,vavramovicq3@woothemes.com,Male,37.186.54.6
941,Zacherie,Burkill,zburkillq4@gmpg.org,Male,47.172.239.82
942,Dita,Ankers,dankersq5@etsy.com,Female,237.10.115.255
943,Roldan,Kira,rkiraq6@columbia.edu,Male,170.33.2.122
944,Dionisio,Elsmor,delsmorq7@naver.com,Male,200.145.164.213
945,Kym,Bickmore,kbickmoreq8@discuz.net,Female,129.115.111.139
946,Heywood,Doram,hdoramq9@cdbaby.com,Male,97.118.185.10
947,Edi,MacGorley,emacgorleyqa@last.fm,Female,219.228.28.111
948,Nathanael,Sinnett,nsinnettqb@goo.ne.jp,Male,229.246.71.249
949,Raymund,Denyer,rdenyerqc@edublogs.org,Male,196.234.124.252
950,Ruth,Strotone,rstrotoneqd@pagesperso-orange.fr,Female,2.95.245.207
951,Hamish,Basset,hbassetqe@moonfruit.com,Male,155.144.220.26
952,Willey,Derham,wderhamqf@admin.ch,Male,62.248.62.85
953,Zebedee,Pittem,zpittemqg@ucoz.com,Male,181.162.126.238
954,Mortimer,Boughtwood,mboughtwoodqh@springer.com,Male,73.104.112.244
955,Devin,Curneen,dcurneenqi@sfgate.com,Female,208.119.251.25
956,Olympe,Hardinge,ohardingeqj@webeden.co.uk,Female,87.93.138.219
957,Garwin,Marusyak,gmarusyakqk@webmd.com,Male,221.188.144.46
958,Pen,Gerritzen,pgerritzenql@time.com,Male,52.131.172.233
959,Riki,Weine,rweineqm@surveymonkey.com,Female,141.18.86.255
960,Cornelia,Farrin,cfarrinqn@wikia.com,Female,149.253.110.36
961,Lizzy,Sawfoot,lsawfootqo@huffingtonpost.com,Genderqueer,209.178.175.48
962,Tito,Stopher,tstopherqp@hexun.com,Non-binary,66.230.181.158
963,Clair,Grinstead,cgrinsteadqq@soundcloud.com,Polygender,225.80.14.56
964,Verina,Duly,vdulyqr@gizmodo.com,Female,183.229.72.206
965,Mauricio,Merrigans,mmerrigansqs@nbcnews.com,Male,93.250.109.11
966,Noni,Bratcher,nbratcherqt@toplist.cz,Female,96.37.9.192
967,Kimmi,Sitford,ksitfordqu@cyberchimps.com,Female,92.30.53.236
968,Wolfgang,Tremellan,wtremellanqv@china.com.cn,Male,50.42.209.207
969,Abner,Brettle,abrettleqw@hexun.com,Male,51.233.240.137
970,Raf,Castagnone,rcastagnoneqx@alibaba.com,Female,182.107.108.250
971,Carlota,Norkett,cnorkettqy@biblegateway.com,Female,233.202.118.139
972,Dena,Snodden,dsnoddenqz@amazon.com,Female,105.94.96.184
973,Alene,Tunbridge,atunbridger0@columbia.edu,Female,235.162.52.13
974,Dillon,Connop,dconnopr1@ezinearticles.com,Male,5.4.146.117
975,Laney,Cissell,lcissellr2@dot.gov,Male,152.88.5.51
976,Alexia,Castano,acastanor3@army.mil,Female,110.62.65.116
977,Agnella,Pagett,apagettr4@dailymotion.com,Female,41.159.66.150
978,Reyna,Levett,rlevettr5@ibm.com,Female,36.42.166.44
979,Brok,Mursell,bmursellr6@admin.ch,Male,195.233.114.50
980,Phedra,Livoir,plivoirr7@oracle.com,Female,34.75.90.232
981,Christal,Trassler,ctrasslerr8@scribd.com,Female,190.238.131.80
982,Meredith,Chidzoy,mchidzoyr9@who.int,Female,211.172.112.17
983,Smitty,Balazs,sbalazsra@marriott.com,Male,23.144.9.252
984,Etienne,Jahn,ejahnrb@umich.edu,Male,32.70.254.54
985,Kristoffer,Pogson,kpogsonrc@phoca.cz,Male,2.124.250.56
986,Jacquie,Simek,jsimekrd@vkontakte.ru,Female,6.171.37.28
987,Nolly,Armatidge,narmatidgere@unesco.org,Male,177.8.78.239
988,Magdalene,Prince,mprincerf@phpbb.com,Female,249.129.121.46
989,Sharline,Civitillo,scivitillorg@nih.gov,Female,193.120.143.32
990,Bud,Place,bplacerh@google.pl,Male,96.152.140.222
991,Bobbee,Dalzell,bdalzellri@themeforest.net,Female,121.214.49.121
992,Conney,Franciottoi,cfranciottoirj@g.co,Male,178.167.225.229
993,Frasquito,Jursch,fjurschrk@skype.com,Male,160.213.239.205
994,Zorah,Ollerhad,zollerhadrl@yelp.com,Female,5.6.18.32
995,Immanuel,Seid,iseidrm@e-recht24.de,Male,122.161.58.171
996,Joanna,Sheriff,jsheriffrn@si.edu,Female,166.24.16.251
997,Stephana,Wyeld,swyeldro@slashdot.org,Female,251.46.130.255
998,Matty,Sivior,msiviorrp@phoca.cz,Female,180.190.115.79
999,Elston,Trench,etrenchrq@foxnews.com,Male,191.12.203.105
1000,Robbie,Filpo,rfilporr@wix.com,Male,178.209.187.219
